Date,Year,Month,Day,Weekday,Weekday_Num,Global_active_power_kWh
2006-12-16,2006,12,16,Saturday,5,20.152933333333333
2006-12-17,2006,12,17,Sunday,6,56.507666666666665
2006-12-18,2006,12,18,Monday,0,36.73043333333333
2006-12-19,2006,12,19,Tuesday,1,27.7699
2006-12-20,2006,12,20,Wednesday,2,37.095800000000004
2006-12-21,2006,12,21,Thursday,3,28.610400000000002
2006-12-22,2006,12,22,Friday,4,39.0223
2006-12-23,2006,12,23,Saturday,5,79.55643333333335
2006-12-24,2006,12,24,Sunday,6,42.5002
2006-12-25,2006,12,25,Monday,0,45.718666666666664
2006-12-26,2006,12,26,Tuesday,1,65.5685
2006-12-27,2006,12,27,Wednesday,2,25.479333333333333
2006-12-28,2006,12,28,Thursday,3,34.54396666666666
2006-12-29,2006,12,29,Friday,4,52.90653333333333
2006-12-30,2006,12,30,Saturday,5,46.48836666666667
2006-12-31,2006,12,31,Sunday,6,58.236599999999996
2007-01-01,2007,1,1,Monday,0,45.81673333333333
2007-01-02,2007,1,2,Tuesday,1,21.153933333333335
2007-01-03,2007,1,3,Wednesday,2,16.9009
2007-01-04,2007,1,4,Thursday,3,54.32353333333333
2007-01-05,2007,1,5,Friday,4,45.22273333333333
2007-01-06,2007,1,6,Saturday,5,25.139633333333332
2007-01-07,2007,1,7,Sunday,6,40.79366666666667
2007-01-08,2007,1,8,Monday,0,37.356
2007-01-09,2007,1,9,Tuesday,1,31.1509
2007-01-10,2007,1,10,Wednesday,2,35.913333333333334
2007-01-11,2007,1,11,Thursday,3,37.58656666666666
2007-01-12,2007,1,12,Friday,4,24.354933333333335
2007-01-13,2007,1,13,Saturday,5,53.113566666666664
2007-01-14,2007,1,14,Sunday,6,50.130266666666664
2007-01-15,2007,1,15,Monday,0,35.811299999999996
2007-01-16,2007,1,16,Tuesday,1,28.106733333333334
2007-01-17,2007,1,17,Wednesday,2,47.46146666666667
2007-01-18,2007,1,18,Thursday,3,30.3577
2007-01-19,2007,1,19,Friday,4,24.674
2007-01-20,2007,1,20,Saturday,5,52.22886666666667
2007-01-21,2007,1,21,Sunday,6,56.7877
2007-01-22,2007,1,22,Monday,0,36.34156666666667
2007-01-23,2007,1,23,Tuesday,1,29.627333333333336
2007-01-24,2007,1,24,Wednesday,2,49.79756666666666
2007-01-25,2007,1,25,Thursday,3,26.605733333333333
2007-01-26,2007,1,26,Friday,4,26.9662
2007-01-27,2007,1,27,Saturday,5,34.06786666666667
2007-01-28,2007,1,28,Sunday,6,51.503400000000006
2007-01-29,2007,1,29,Monday,0,33.0444
2007-01-30,2007,1,30,Tuesday,1,28.4633
2007-01-31,2007,1,31,Wednesday,2,39.39586666666666
2007-02-01,2007,2,1,Thursday,3,30.412666666666667
2007-02-02,2007,2,2,Friday,4,27.7956
2007-02-03,2007,2,3,Saturday,5,67.16203333333334
2007-02-04,2007,2,4,Sunday,6,59.93233333333333
2007-02-05,2007,2,5,Monday,0,27.421333333333333
2007-02-06,2007,2,6,Tuesday,1,21.224666666666668
2007-02-07,2007,2,7,Wednesday,2,38.8003
2007-02-08,2007,2,8,Thursday,3,30.023566666666667
2007-02-09,2007,2,9,Friday,4,27.003300000000003
2007-02-10,2007,2,10,Saturday,5,47.15546666666667
2007-02-11,2007,2,11,Sunday,6,59.52046666666667
2007-02-12,2007,2,12,Monday,0,31.293499999999998
2007-02-13,2007,2,13,Tuesday,1,23.575766666666667
2007-02-14,2007,2,14,Wednesday,2,41.644533333333335
2007-02-15,2007,2,15,Thursday,3,33.0891
2007-02-16,2007,2,16,Friday,4,28.375466666666668
2007-02-17,2007,2,17,Saturday,5,34.615199999999994
2007-02-18,2007,2,18,Sunday,6,63.82936666666667
2007-02-19,2007,2,19,Monday,0,36.44356666666667
2007-02-20,2007,2,20,Tuesday,1,52.498799999999996
2007-02-21,2007,2,21,Wednesday,2,34.5479
2007-02-22,2007,2,22,Thursday,3,56.15796666666667
2007-02-23,2007,2,23,Friday,4,21.891333333333332
2007-02-24,2007,2,24,Saturday,5,11.915366666666667
2007-02-25,2007,2,25,Sunday,6,8.362333333333334
2007-02-26,2007,2,26,Monday,0,9.474733333333335
2007-02-27,2007,2,27,Tuesday,1,8.6352
2007-02-28,2007,2,28,Wednesday,2,8.679566666666666
2007-03-01,2007,3,1,Thursday,3,8.626066666666667
2007-03-02,2007,3,2,Friday,4,8.5948
2007-03-03,2007,3,3,Saturday,5,13.652033333333332
2007-03-04,2007,3,4,Sunday,6,34.845
2007-03-05,2007,3,5,Monday,0,44.33886666666667
2007-03-06,2007,3,6,Tuesday,1,20.775
2007-03-07,2007,3,7,Wednesday,2,39.58676666666667
2007-03-08,2007,3,8,Thursday,3,26.2022
2007-03-09,2007,3,9,Friday,4,21.2102
2007-03-10,2007,3,10,Saturday,5,41.41186666666667
2007-03-11,2007,3,11,Sunday,6,58.0106
2007-03-12,2007,3,12,Monday,0,32.51113333333333
2007-03-13,2007,3,13,Tuesday,1,21.5024
2007-03-14,2007,3,14,Wednesday,2,29.889400000000002
2007-03-15,2007,3,15,Thursday,3,31.413566666666668
2007-03-16,2007,3,16,Friday,4,28.36756666666667
2007-03-17,2007,3,17,Saturday,5,33.8015
2007-03-18,2007,3,18,Sunday,6,39.51743333333333
2007-03-19,2007,3,19,Monday,0,35.8753
2007-03-20,2007,3,20,Tuesday,1,34.77046666666667
2007-03-21,2007,3,21,Wednesday,2,35.70153333333334
2007-03-22,2007,3,22,Thursday,3,24.249633333333335
2007-03-23,2007,3,23,Friday,4,21.8168
2007-03-24,2007,3,24,Saturday,5,49.47383333333333
2007-03-25,2007,3,25,Sunday,6,55.602066666666666
2007-03-26,2007,3,26,Monday,0,23.601366666666667
2007-03-27,2007,3,27,Tuesday,1,18.419
2007-03-28,2007,3,28,Wednesday,2,38.8983
2007-03-29,2007,3,29,Thursday,3,26.506766666666667
2007-03-30,2007,3,30,Friday,4,23.373233333333335
2007-03-31,2007,3,31,Saturday,5,58.49183333333334
2007-04-01,2007,4,1,Sunday,6,46.43253333333333
2007-04-02,2007,4,2,Monday,0,32.679633333333335
2007-04-03,2007,4,3,Tuesday,1,27.380333333333333
2007-04-04,2007,4,4,Wednesday,2,34.1978
2007-04-05,2007,4,5,Thursday,3,30.73463333333333
2007-04-06,2007,4,6,Friday,4,26.68566666666667
2007-04-07,2007,4,7,Saturday,5,25.898733333333332
2007-04-08,2007,4,8,Sunday,6,26.8136
2007-04-09,2007,4,9,Monday,0,16.682
2007-04-10,2007,4,10,Tuesday,1,12.956066666666667
2007-04-11,2007,4,11,Wednesday,2,14.791366666666667
2007-04-12,2007,4,12,Thursday,3,8.961766666666668
2007-04-13,2007,4,13,Friday,4,9.1837
2007-04-14,2007,4,14,Saturday,5,9.2378
2007-04-15,2007,4,15,Sunday,6,12.102733333333333
2007-04-16,2007,4,16,Monday,0,15.873166666666666
2007-04-17,2007,4,17,Tuesday,1,20.395566666666664
2007-04-18,2007,4,18,Wednesday,2,16.637433333333334
2007-04-19,2007,4,19,Thursday,3,17.144299999999998
2007-04-20,2007,4,20,Friday,4,13.709666666666667
2007-04-21,2007,4,21,Saturday,5,27.894266666666667
2007-04-22,2007,4,22,Sunday,6,37.228566666666666
2007-04-23,2007,4,23,Monday,0,17.5761
2007-04-24,2007,4,24,Tuesday,1,17.201666666666664
2007-04-25,2007,4,25,Wednesday,2,21.069366666666667
2007-04-26,2007,4,26,Thursday,3,21.257766666666665
2007-04-27,2007,4,27,Friday,4,18.23886666666667
2007-04-28,2007,4,28,Saturday,5,0.3789666666666667
2007-04-29,2007,4,29,Sunday,6,0.0
2007-04-30,2007,4,30,Monday,0,7.0137
2007-05-01,2007,5,1,Tuesday,1,27.730966666666667
2007-05-02,2007,5,2,Wednesday,2,16.724766666666667
2007-05-03,2007,5,3,Thursday,3,18.170633333333335
2007-05-04,2007,5,4,Friday,4,16.635466666666666
2007-05-05,2007,5,5,Saturday,5,26.050866666666664
2007-05-06,2007,5,6,Sunday,6,35.035066666666665
2007-05-07,2007,5,7,Monday,0,27.3944
2007-05-08,2007,5,8,Tuesday,1,29.82153333333333
2007-05-09,2007,5,9,Wednesday,2,27.76226666666667
2007-05-10,2007,5,10,Thursday,3,11.798066666666667
2007-05-11,2007,5,11,Friday,4,16.319233333333333
2007-05-12,2007,5,12,Saturday,5,24.0261
2007-05-13,2007,5,13,Sunday,6,27.245633333333334
2007-05-14,2007,5,14,Monday,0,24.463033333333332
2007-05-15,2007,5,15,Tuesday,1,15.073200000000002
2007-05-16,2007,5,16,Wednesday,2,28.215733333333333
2007-05-17,2007,5,17,Thursday,3,20.530266666666666
2007-05-18,2007,5,18,Friday,4,27.192166666666665
2007-05-19,2007,5,19,Saturday,5,23.824033333333333
2007-05-20,2007,5,20,Sunday,6,32.80546666666667
2007-05-21,2007,5,21,Monday,0,18.6677
2007-05-22,2007,5,22,Tuesday,1,18.88086666666667
2007-05-23,2007,5,23,Wednesday,2,24.415599999999998
2007-05-24,2007,5,24,Thursday,3,19.2398
2007-05-25,2007,5,25,Friday,4,26.903666666666666
2007-05-26,2007,5,26,Saturday,5,25.204133333333335
2007-05-27,2007,5,27,Sunday,6,35.8968
2007-05-28,2007,5,28,Monday,0,27.291133333333335
2007-05-29,2007,5,29,Tuesday,1,17.689
2007-05-30,2007,5,30,Wednesday,2,26.8311
2007-05-31,2007,5,31,Thursday,3,15.6425
2007-06-01,2007,6,1,Friday,4,17.4153
2007-06-02,2007,6,2,Saturday,5,24.73936666666667
2007-06-03,2007,6,3,Sunday,6,35.133766666666666
2007-06-04,2007,6,4,Monday,0,15.193633333333334
2007-06-05,2007,6,5,Tuesday,1,24.314866666666667
2007-06-06,2007,6,6,Wednesday,2,28.2273
2007-06-07,2007,6,7,Thursday,3,16.4167
2007-06-08,2007,6,8,Friday,4,35.80076666666666
2007-06-09,2007,6,9,Saturday,5,17.663566666666668
2007-06-10,2007,6,10,Sunday,6,22.346866666666664
2007-06-11,2007,6,11,Monday,0,13.244233333333334
2007-06-12,2007,6,12,Tuesday,1,15.312766666666667
2007-06-13,2007,6,13,Wednesday,2,15.454533333333334
2007-06-14,2007,6,14,Thursday,3,20.984733333333335
2007-06-15,2007,6,15,Friday,4,16.4934
2007-06-16,2007,6,16,Saturday,5,33.62936666666666
2007-06-17,2007,6,17,Sunday,6,32.451499999999996
2007-06-18,2007,6,18,Monday,0,11.3079
2007-06-19,2007,6,19,Tuesday,1,14.039333333333333
2007-06-20,2007,6,20,Wednesday,2,17.904766666666667
2007-06-21,2007,6,21,Thursday,3,13.4491
2007-06-22,2007,6,22,Friday,4,9.438233333333333
2007-06-23,2007,6,23,Saturday,5,7.959433333333334
2007-06-24,2007,6,24,Sunday,6,11.910933333333332
2007-06-25,2007,6,25,Monday,0,17.870033333333332
2007-06-26,2007,6,26,Tuesday,1,15.748466666666667
2007-06-27,2007,6,27,Wednesday,2,24.680433333333333
2007-06-28,2007,6,28,Thursday,3,21.590633333333336
2007-06-29,2007,6,29,Friday,4,21.736633333333334
2007-06-30,2007,6,30,Saturday,5,22.255233333333333
2007-07-01,2007,7,1,Sunday,6,17.111066666666666
2007-07-02,2007,7,2,Monday,0,16.1172
2007-07-03,2007,7,3,Tuesday,1,17.665200000000002
2007-07-04,2007,7,4,Wednesday,2,16.723499999999998
2007-07-05,2007,7,5,Thursday,3,17.6215
2007-07-06,2007,7,6,Friday,4,17.825400000000002
2007-07-07,2007,7,7,Saturday,5,22.636766666666666
2007-07-08,2007,7,8,Sunday,6,18.151333333333334
2007-07-09,2007,7,9,Monday,0,19.6693
2007-07-10,2007,7,10,Tuesday,1,15.138733333333333
2007-07-11,2007,7,11,Wednesday,2,12.0392
2007-07-12,2007,7,12,Thursday,3,17.82636666666667
2007-07-13,2007,7,13,Friday,4,13.2397
2007-07-14,2007,7,14,Saturday,5,21.4695
2007-07-15,2007,7,15,Sunday,6,15.283733333333334
2007-07-16,2007,7,16,Monday,0,14.2279
2007-07-17,2007,7,17,Tuesday,1,11.993866666666666
2007-07-18,2007,7,18,Wednesday,2,12.618033333333333
2007-07-19,2007,7,19,Thursday,3,11.2981
2007-07-20,2007,7,20,Friday,4,18.507033333333332
2007-07-21,2007,7,21,Saturday,5,17.6708
2007-07-22,2007,7,22,Sunday,6,22.92956666666667
2007-07-23,2007,7,23,Monday,0,16.51696666666667
2007-07-24,2007,7,24,Tuesday,1,13.754733333333332
2007-07-25,2007,7,25,Wednesday,2,7.876
2007-07-26,2007,7,26,Thursday,3,15.408333333333333
2007-07-27,2007,7,27,Friday,4,20.0419
2007-07-28,2007,7,28,Saturday,5,27.031033333333333
2007-07-29,2007,7,29,Sunday,6,5.351933333333333
2007-07-30,2007,7,30,Monday,0,7.780266666666666
2007-07-31,2007,7,31,Tuesday,1,13.538866666666667
2007-08-01,2007,8,1,Wednesday,2,17.6723
2007-08-02,2007,8,2,Thursday,3,16.990266666666667
2007-08-03,2007,8,3,Friday,4,17.722733333333334
2007-08-04,2007,8,4,Saturday,5,19.083166666666667
2007-08-05,2007,8,5,Sunday,6,13.1183
2007-08-06,2007,8,6,Monday,0,18.162
2007-08-07,2007,8,7,Tuesday,1,24.726333333333333
2007-08-08,2007,8,8,Wednesday,2,18.758033333333334
2007-08-09,2007,8,9,Thursday,3,17.861333333333334
2007-08-10,2007,8,10,Friday,4,17.1335
2007-08-11,2007,8,11,Saturday,5,18.194166666666668
2007-08-12,2007,8,12,Sunday,6,20.6984
2007-08-13,2007,8,13,Monday,0,19.216866666666665
2007-08-14,2007,8,14,Tuesday,1,15.686499999999999
2007-08-15,2007,8,15,Wednesday,2,19.86433333333333
2007-08-16,2007,8,16,Thursday,3,15.974933333333333
2007-08-17,2007,8,17,Friday,4,16.831533333333333
2007-08-18,2007,8,18,Saturday,5,5.799333333333333
2007-08-19,2007,8,19,Sunday,6,23.704900000000002
2007-08-20,2007,8,20,Monday,0,22.314033333333334
2007-08-21,2007,8,21,Tuesday,1,10.709266666666668
2007-08-22,2007,8,22,Wednesday,2,20.163466666666668
2007-08-23,2007,8,23,Thursday,3,18.53853333333333
2007-08-24,2007,8,24,Friday,4,27.603566666666666
2007-08-25,2007,8,25,Saturday,5,19.181333333333335
2007-08-26,2007,8,26,Sunday,6,21.9151
2007-08-27,2007,8,27,Monday,0,20.1955
2007-08-28,2007,8,28,Tuesday,1,16.616733333333332
2007-08-29,2007,8,29,Wednesday,2,12.466533333333333
2007-08-30,2007,8,30,Thursday,3,20.04096666666667
2007-08-31,2007,8,31,Friday,4,21.330366666666666
2007-09-01,2007,9,1,Saturday,5,28.3581
2007-09-02,2007,9,2,Sunday,6,27.707800000000002
2007-09-03,2007,9,3,Monday,0,17.315366666666666
2007-09-04,2007,9,4,Tuesday,1,26.415733333333332
2007-09-05,2007,9,5,Wednesday,2,20.60953333333333
2007-09-06,2007,9,6,Thursday,3,15.024566666666667
2007-09-07,2007,9,7,Friday,4,22.274933333333333
2007-09-08,2007,9,8,Saturday,5,24.495866666666664
2007-09-09,2007,9,9,Sunday,6,27.991699999999998
2007-09-10,2007,9,10,Monday,0,18.622933333333332
2007-09-11,2007,9,11,Tuesday,1,16.392866666666666
2007-09-12,2007,9,12,Wednesday,2,21.462733333333333
2007-09-13,2007,9,13,Thursday,3,19.106366666666666
2007-09-14,2007,9,14,Friday,4,18.924500000000002
2007-09-15,2007,9,15,Saturday,5,18.2552
2007-09-16,2007,9,16,Sunday,6,27.537066666666664
2007-09-17,2007,9,17,Monday,0,24.353099999999998
2007-09-18,2007,9,18,Tuesday,1,19.458666666666666
2007-09-19,2007,9,19,Wednesday,2,21.64473333333333
2007-09-20,2007,9,20,Thursday,3,20.92553333333333
2007-09-21,2007,9,21,Friday,4,20.646333333333335
2007-09-22,2007,9,22,Saturday,5,19.602866666666667
2007-09-23,2007,9,23,Sunday,6,23.632833333333334
2007-09-24,2007,9,24,Monday,0,22.575499999999998
2007-09-25,2007,9,25,Tuesday,1,29.405700000000003
2007-09-26,2007,9,26,Wednesday,2,30.371066666666664
2007-09-27,2007,9,27,Thursday,3,23.209999999999997
2007-09-28,2007,9,28,Friday,4,28.008300000000002
2007-09-29,2007,9,29,Saturday,5,38.27536666666666
2007-09-30,2007,9,30,Sunday,6,25.2715
2007-10-01,2007,10,1,Monday,0,28.682033333333333
2007-10-02,2007,10,2,Tuesday,1,36.647733333333335
2007-10-03,2007,10,3,Wednesday,2,21.340899999999998
2007-10-04,2007,10,4,Thursday,3,25.307633333333335
2007-10-05,2007,10,5,Friday,4,23.23486666666667
2007-10-06,2007,10,6,Saturday,5,29.270666666666667
2007-10-07,2007,10,7,Sunday,6,35.1019
2007-10-08,2007,10,8,Monday,0,18.254033333333332
2007-10-09,2007,10,9,Tuesday,1,28.130966666666666
2007-10-10,2007,10,10,Wednesday,2,19.44953333333333
2007-10-11,2007,10,11,Thursday,3,28.8741
2007-10-12,2007,10,12,Friday,4,31.908399999999997
2007-10-13,2007,10,13,Saturday,5,32.11213333333333
2007-10-14,2007,10,14,Sunday,6,34.3542
2007-10-15,2007,10,15,Monday,0,21.1055
2007-10-16,2007,10,16,Tuesday,1,32.7407
2007-10-17,2007,10,17,Wednesday,2,26.28216666666667
2007-10-18,2007,10,18,Thursday,3,25.308833333333332
2007-10-19,2007,10,19,Friday,4,34.7608
2007-10-20,2007,10,20,Saturday,5,27.67076666666667
2007-10-21,2007,10,21,Sunday,6,32.36566666666667
2007-10-22,2007,10,22,Monday,0,27.548266666666667
2007-10-23,2007,10,23,Tuesday,1,32.577466666666666
2007-10-24,2007,10,24,Wednesday,2,31.093933333333332
2007-10-25,2007,10,25,Thursday,3,30.898633333333333
2007-10-26,2007,10,26,Friday,4,23.959466666666668
2007-10-27,2007,10,27,Saturday,5,29.761466666666667
2007-10-28,2007,10,28,Sunday,6,8.535966666666667
2007-10-29,2007,10,29,Monday,0,9.090466666666666
2007-10-30,2007,10,30,Tuesday,1,13.5168
2007-10-31,2007,10,31,Wednesday,2,21.386833333333335
2007-11-01,2007,11,1,Thursday,3,8.270266666666666
2007-11-02,2007,11,2,Friday,4,24.060033333333333
2007-11-03,2007,11,3,Saturday,5,8.209166666666667
2007-11-04,2007,11,4,Sunday,6,24.761433333333333
2007-11-05,2007,11,5,Monday,0,25.009866666666667
2007-11-06,2007,11,6,Tuesday,1,34.706300000000006
2007-11-07,2007,11,7,Wednesday,2,30.745966666666668
2007-11-08,2007,11,8,Thursday,3,25.017666666666667
2007-11-09,2007,11,9,Friday,4,36.1871
2007-11-10,2007,11,10,Saturday,5,43.526666666666664
2007-11-11,2007,11,11,Sunday,6,31.452066666666667
2007-11-12,2007,11,12,Monday,0,35.93576666666667
2007-11-13,2007,11,13,Tuesday,1,36.90663333333334
2007-11-14,2007,11,14,Wednesday,2,34.13323333333333
2007-11-15,2007,11,15,Thursday,3,24.866466666666668
2007-11-16,2007,11,16,Friday,4,38.4959
2007-11-17,2007,11,17,Saturday,5,43.50156666666667
2007-11-18,2007,11,18,Sunday,6,36.39763333333334
2007-11-19,2007,11,19,Monday,0,28.727566666666668
2007-11-20,2007,11,20,Tuesday,1,34.930933333333336
2007-11-21,2007,11,21,Wednesday,2,29.197266666666668
2007-11-22,2007,11,22,Thursday,3,32.2063
2007-11-23,2007,11,23,Friday,4,42.04363333333333
2007-11-24,2007,11,24,Saturday,5,31.6509
2007-11-25,2007,11,25,Sunday,6,23.259966666666667
2007-11-26,2007,11,26,Monday,0,26.16193333333333
2007-11-27,2007,11,27,Tuesday,1,46.68353333333334
2007-11-28,2007,11,28,Wednesday,2,27.415666666666667
2007-11-29,2007,11,29,Thursday,3,28.653833333333335
2007-11-30,2007,11,30,Friday,4,38.86213333333333
2007-12-01,2007,12,1,Saturday,5,52.24903333333334
2007-12-02,2007,12,2,Sunday,6,49.10313333333333
2007-12-03,2007,12,3,Monday,0,29.367666666666665
2007-12-04,2007,12,4,Tuesday,1,34.4606
2007-12-05,2007,12,5,Wednesday,2,35.88533333333333
2007-12-06,2007,12,6,Thursday,3,41.46556666666667
2007-12-07,2007,12,7,Friday,4,29.483600000000003
2007-12-08,2007,12,8,Saturday,5,36.89006666666667
2007-12-09,2007,12,9,Sunday,6,37.90973333333333
2007-12-10,2007,12,10,Monday,0,29.312566666666665
2007-12-11,2007,12,11,Tuesday,1,38.4184
2007-12-12,2007,12,12,Wednesday,2,26.467699999999997
2007-12-13,2007,12,13,Thursday,3,30.79576666666667
2007-12-14,2007,12,14,Friday,4,32.913466666666665
2007-12-15,2007,12,15,Saturday,5,45.6146
2007-12-16,2007,12,16,Sunday,6,46.036966666666665
2007-12-17,2007,12,17,Monday,0,29.9511
2007-12-18,2007,12,18,Tuesday,1,43.7199
2007-12-19,2007,12,19,Wednesday,2,36.60086666666667
2007-12-20,2007,12,20,Thursday,3,32.49596666666667
2007-12-21,2007,12,21,Friday,4,33.04293333333333
2007-12-22,2007,12,22,Saturday,5,43.52106666666667
2007-12-23,2007,12,23,Sunday,6,40.1508
2007-12-24,2007,12,24,Monday,0,37.6308
2007-12-25,2007,12,25,Tuesday,1,44.91613333333333
2007-12-26,2007,12,26,Wednesday,2,43.00466666666667
2007-12-27,2007,12,27,Thursday,3,42.2033
2007-12-28,2007,12,28,Friday,4,51.8842
2007-12-29,2007,12,29,Saturday,5,54.982600000000005
2007-12-30,2007,12,30,Sunday,6,42.6486
2007-12-31,2007,12,31,Monday,0,36.942366666666665
2008-01-01,2008,1,1,Tuesday,1,45.99563333333333
2008-01-02,2008,1,2,Wednesday,2,27.401766666666667
2008-01-03,2008,1,3,Thursday,3,25.168466666666667
2008-01-04,2008,1,4,Friday,4,38.19753333333333
2008-01-05,2008,1,5,Saturday,5,36.38746666666667
2008-01-06,2008,1,6,Sunday,6,30.419733333333333
2008-01-07,2008,1,7,Monday,0,28.26356666666667
2008-01-08,2008,1,8,Tuesday,1,34.05916666666666
2008-01-09,2008,1,9,Wednesday,2,29.807333333333336
2008-01-10,2008,1,10,Thursday,3,31.567933333333333
2008-01-11,2008,1,11,Friday,4,28.4303
2008-01-12,2008,1,12,Saturday,5,47.8568
2008-01-13,2008,1,13,Sunday,6,48.0276
2008-01-14,2008,1,14,Monday,0,33.748866666666665
2008-01-15,2008,1,15,Tuesday,1,44.781866666666666
2008-01-16,2008,1,16,Wednesday,2,35.59753333333333
2008-01-17,2008,1,17,Thursday,3,26.2047
2008-01-18,2008,1,18,Friday,4,36.449799999999996
2008-01-19,2008,1,19,Saturday,5,33.0051
2008-01-20,2008,1,20,Sunday,6,29.00613333333333
2008-01-21,2008,1,21,Monday,0,30.9833
2008-01-22,2008,1,22,Tuesday,1,38.7503
2008-01-23,2008,1,23,Wednesday,2,31.3718
2008-01-24,2008,1,24,Thursday,3,27.417033333333332
2008-01-25,2008,1,25,Friday,4,37.330933333333334
2008-01-26,2008,1,26,Saturday,5,47.2498
2008-01-27,2008,1,27,Sunday,6,39.6961
2008-01-28,2008,1,28,Monday,0,38.46993333333333
2008-01-29,2008,1,29,Tuesday,1,44.6004
2008-01-30,2008,1,30,Wednesday,2,27.3441
2008-01-31,2008,1,31,Thursday,3,32.56536666666667
2008-02-01,2008,2,1,Friday,4,25.577533333333335
2008-02-02,2008,2,2,Saturday,5,48.9339
2008-02-03,2008,2,3,Sunday,6,34.7428
2008-02-04,2008,2,4,Monday,0,27.13563333333333
2008-02-05,2008,2,5,Tuesday,1,41.2076
2008-02-06,2008,2,6,Wednesday,2,27.825666666666667
2008-02-07,2008,2,7,Thursday,3,25.305166666666665
2008-02-08,2008,2,8,Friday,4,32.5094
2008-02-09,2008,2,9,Saturday,5,35.03793333333333
2008-02-10,2008,2,10,Sunday,6,36.411899999999996
2008-02-11,2008,2,11,Monday,0,28.200266666666668
2008-02-12,2008,2,12,Tuesday,1,33.12996666666667
2008-02-13,2008,2,13,Wednesday,2,31.674966666666666
2008-02-14,2008,2,14,Thursday,3,26.7437
2008-02-15,2008,2,15,Friday,4,33.42013333333333
2008-02-16,2008,2,16,Saturday,5,39.1158
2008-02-17,2008,2,17,Sunday,6,32.2228
2008-02-18,2008,2,18,Monday,0,25.240066666666667
2008-02-19,2008,2,19,Tuesday,1,35.448600000000006
2008-02-20,2008,2,20,Wednesday,2,37.56316666666667
2008-02-21,2008,2,21,Thursday,3,27.230833333333333
2008-02-22,2008,2,22,Friday,4,28.876066666666667
2008-02-23,2008,2,23,Saturday,5,30.566166666666668
2008-02-24,2008,2,24,Sunday,6,21.050133333333335
2008-02-25,2008,2,25,Monday,0,8.408133333333334
2008-02-26,2008,2,26,Tuesday,1,8.452
2008-02-27,2008,2,27,Wednesday,2,9.445333333333334
2008-02-28,2008,2,28,Thursday,3,8.4864
2008-02-29,2008,2,29,Friday,4,22.222466666666666
2008-03-01,2008,3,1,Saturday,5,19.031266666666667
2008-03-02,2008,3,2,Sunday,6,19.370433333333335
2008-03-03,2008,3,3,Monday,0,17.342499999999998
2008-03-04,2008,3,4,Tuesday,1,27.8165
2008-03-05,2008,3,5,Wednesday,2,33.95346666666667
2008-03-06,2008,3,6,Thursday,3,41.72013333333334
2008-03-07,2008,3,7,Friday,4,31.049266666666664
2008-03-08,2008,3,8,Saturday,5,37.477666666666664
2008-03-09,2008,3,9,Sunday,6,26.007633333333334
2008-03-10,2008,3,10,Monday,0,26.978099999999998
2008-03-11,2008,3,11,Tuesday,1,36.667366666666666
2008-03-12,2008,3,12,Wednesday,2,29.570533333333334
2008-03-13,2008,3,13,Thursday,3,27.92523333333333
2008-03-14,2008,3,14,Friday,4,36.836999999999996
2008-03-15,2008,3,15,Saturday,5,26.271666666666665
2008-03-16,2008,3,16,Sunday,6,30.032666666666668
2008-03-17,2008,3,17,Monday,0,28.448633333333337
2008-03-18,2008,3,18,Tuesday,1,31.959433333333333
2008-03-19,2008,3,19,Wednesday,2,21.807466666666667
2008-03-20,2008,3,20,Thursday,3,20.887900000000002
2008-03-21,2008,3,21,Friday,4,34.4407
2008-03-22,2008,3,22,Saturday,5,34.22526666666667
2008-03-23,2008,3,23,Sunday,6,38.76649999999999
2008-03-24,2008,3,24,Monday,0,32.91113333333333
2008-03-25,2008,3,25,Tuesday,1,33.5976
2008-03-26,2008,3,26,Wednesday,2,27.224533333333333
2008-03-27,2008,3,27,Thursday,3,22.847033333333336
2008-03-28,2008,3,28,Friday,4,31.423733333333335
2008-03-29,2008,3,29,Saturday,5,41.185833333333335
2008-03-30,2008,3,30,Sunday,6,35.773199999999996
2008-03-31,2008,3,31,Monday,0,22.9595
2008-04-01,2008,4,1,Tuesday,1,35.4842
2008-04-02,2008,4,2,Wednesday,2,28.194533333333332
2008-04-03,2008,4,3,Thursday,3,18.8126
2008-04-04,2008,4,4,Friday,4,27.19863333333333
2008-04-05,2008,4,5,Saturday,5,32.84603333333333
2008-04-06,2008,4,6,Sunday,6,28.271966666666668
2008-04-07,2008,4,7,Monday,0,25.647299999999998
2008-04-08,2008,4,8,Tuesday,1,44.29193333333333
2008-04-09,2008,4,9,Wednesday,2,20.314200000000003
2008-04-10,2008,4,10,Thursday,3,24.6291
2008-04-11,2008,4,11,Friday,4,31.2944
2008-04-12,2008,4,12,Saturday,5,46.666900000000005
2008-04-13,2008,4,13,Sunday,6,37.216433333333335
2008-04-14,2008,4,14,Monday,0,26.493033333333333
2008-04-15,2008,4,15,Tuesday,1,27.8401
2008-04-16,2008,4,16,Wednesday,2,24.817733333333333
2008-04-17,2008,4,17,Thursday,3,23.264366666666668
2008-04-18,2008,4,18,Friday,4,31.039833333333334
2008-04-19,2008,4,19,Saturday,5,37.56183333333333
2008-04-20,2008,4,20,Sunday,6,29.856966666666665
2008-04-21,2008,4,21,Monday,0,19.4026
2008-04-22,2008,4,22,Tuesday,1,27.12793333333333
2008-04-23,2008,4,23,Wednesday,2,22.622133333333334
2008-04-24,2008,4,24,Thursday,3,17.3962
2008-04-25,2008,4,25,Friday,4,21.128899999999998
2008-04-26,2008,4,26,Saturday,5,15.052766666666667
2008-04-27,2008,4,27,Sunday,6,16.804
2008-04-28,2008,4,28,Monday,0,10.9842
2008-04-29,2008,4,29,Tuesday,1,32.876933333333334
2008-04-30,2008,4,30,Wednesday,2,18.362099999999998
2008-05-01,2008,5,1,Thursday,3,9.600233333333334
2008-05-02,2008,5,2,Friday,4,24.9628
2008-05-03,2008,5,3,Saturday,5,21.493333333333332
2008-05-04,2008,5,4,Sunday,6,24.516166666666667
2008-05-05,2008,5,5,Monday,0,22.7822
2008-05-06,2008,5,6,Tuesday,1,29.833000000000002
2008-05-07,2008,5,7,Wednesday,2,19.6044
2008-05-08,2008,5,8,Thursday,3,35.278299999999994
2008-05-09,2008,5,9,Friday,4,29.121199999999998
2008-05-10,2008,5,10,Saturday,5,31.8188
2008-05-11,2008,5,11,Sunday,6,26.848666666666666
2008-05-12,2008,5,12,Monday,0,25.403399999999998
2008-05-13,2008,5,13,Tuesday,1,24.6149
2008-05-14,2008,5,14,Wednesday,2,26.404366666666665
2008-05-15,2008,5,15,Thursday,3,19.379466666666666
2008-05-16,2008,5,16,Friday,4,27.467166666666667
2008-05-17,2008,5,17,Saturday,5,27.624233333333333
2008-05-18,2008,5,18,Sunday,6,30.065966666666668
2008-05-19,2008,5,19,Monday,0,17.171033333333334
2008-05-20,2008,5,20,Tuesday,1,26.355566666666668
2008-05-21,2008,5,21,Wednesday,2,22.068533333333335
2008-05-22,2008,5,22,Thursday,3,16.281133333333333
2008-05-23,2008,5,23,Friday,4,24.7486
2008-05-24,2008,5,24,Saturday,5,26.336266666666667
2008-05-25,2008,5,25,Sunday,6,34.141733333333335
2008-05-26,2008,5,26,Monday,0,21.495166666666666
2008-05-27,2008,5,27,Tuesday,1,28.478333333333335
2008-05-28,2008,5,28,Wednesday,2,18.572866666666666
2008-05-29,2008,5,29,Thursday,3,18.917933333333334
2008-05-30,2008,5,30,Friday,4,23.287399999999998
2008-05-31,2008,5,31,Saturday,5,27.357833333333335
2008-06-01,2008,6,1,Sunday,6,30.8146
2008-06-02,2008,6,2,Monday,0,17.900199999999998
2008-06-03,2008,6,3,Tuesday,1,26.630266666666667
2008-06-04,2008,6,4,Wednesday,2,26.48186666666667
2008-06-05,2008,6,5,Thursday,3,18.667966666666665
2008-06-06,2008,6,6,Friday,4,20.295233333333332
2008-06-07,2008,6,7,Saturday,5,31.37473333333333
2008-06-08,2008,6,8,Sunday,6,25.705366666666666
2008-06-09,2008,6,9,Monday,0,22.094966666666668
2008-06-10,2008,6,10,Tuesday,1,17.78483333333333
2008-06-11,2008,6,11,Wednesday,2,18.7201
2008-06-12,2008,6,12,Thursday,3,20.98886666666667
2008-06-13,2008,6,13,Friday,4,31.238
2008-06-14,2008,6,14,Saturday,5,23.082
2008-06-15,2008,6,15,Sunday,6,38.1517
2008-06-16,2008,6,16,Monday,0,21.7174
2008-06-17,2008,6,17,Tuesday,1,19.084733333333336
2008-06-18,2008,6,18,Wednesday,2,31.560133333333333
2008-06-19,2008,6,19,Thursday,3,26.46803333333333
2008-06-20,2008,6,20,Friday,4,27.935066666666668
2008-06-21,2008,6,21,Saturday,5,28.90423333333333
2008-06-22,2008,6,22,Sunday,6,26.106933333333334
2008-06-23,2008,6,23,Monday,0,20.863266666666668
2008-06-24,2008,6,24,Tuesday,1,29.240866666666665
2008-06-25,2008,6,25,Wednesday,2,21.0295
2008-06-26,2008,6,26,Thursday,3,17.60033333333333
2008-06-27,2008,6,27,Friday,4,29.252533333333336
2008-06-28,2008,6,28,Saturday,5,20.146666666666665
2008-06-29,2008,6,29,Sunday,6,12.4892
2008-06-30,2008,6,30,Monday,0,13.403266666666667
2008-07-01,2008,7,1,Tuesday,1,20.254
2008-07-02,2008,7,2,Wednesday,2,19.120033333333332
2008-07-03,2008,7,3,Thursday,3,18.305999999999997
2008-07-04,2008,7,4,Friday,4,15.700333333333333
2008-07-05,2008,7,5,Saturday,5,24.4848
2008-07-06,2008,7,6,Sunday,6,30.084400000000002
2008-07-07,2008,7,7,Monday,0,16.389833333333332
2008-07-08,2008,7,8,Tuesday,1,18.770233333333334
2008-07-09,2008,7,9,Wednesday,2,15.321966666666667
2008-07-10,2008,7,10,Thursday,3,20.8546
2008-07-11,2008,7,11,Friday,4,20.903599999999997
2008-07-12,2008,7,12,Saturday,5,22.147533333333335
2008-07-13,2008,7,13,Sunday,6,20.895899999999997
2008-07-14,2008,7,14,Monday,0,18.965433333333333
2008-07-15,2008,7,15,Tuesday,1,19.264333333333333
2008-07-16,2008,7,16,Wednesday,2,17.95103333333333
2008-07-17,2008,7,17,Thursday,3,21.985366666666668
2008-07-18,2008,7,18,Friday,4,21.026400000000002
2008-07-19,2008,7,19,Saturday,5,22.400233333333333
2008-07-20,2008,7,20,Sunday,6,15.692233333333332
2008-07-21,2008,7,21,Monday,0,19.274633333333334
2008-07-22,2008,7,22,Tuesday,1,12.337366666666666
2008-07-23,2008,7,23,Wednesday,2,15.7105
2008-07-24,2008,7,24,Thursday,3,18.22416666666667
2008-07-25,2008,7,25,Friday,4,14.425566666666667
2008-07-26,2008,7,26,Saturday,5,13.594733333333332
2008-07-27,2008,7,27,Sunday,6,19.123266666666666
2008-07-28,2008,7,28,Monday,0,13.763399999999999
2008-07-29,2008,7,29,Tuesday,1,19.442633333333333
2008-07-30,2008,7,30,Wednesday,2,21.665133333333333
2008-07-31,2008,7,31,Thursday,3,23.21063333333333
2008-08-01,2008,8,1,Friday,4,12.326266666666667
2008-08-02,2008,8,2,Saturday,5,8.4296
2008-08-03,2008,8,3,Sunday,6,8.413033333333333
2008-08-04,2008,8,4,Monday,0,18.765333333333334
2008-08-05,2008,8,5,Tuesday,1,13.785300000000001
2008-08-06,2008,8,6,Wednesday,2,5.4352
2008-08-07,2008,8,7,Thursday,3,5.5814
2008-08-08,2008,8,8,Friday,4,5.036666666666666
2008-08-09,2008,8,9,Saturday,5,5.982066666666666
2008-08-10,2008,8,10,Sunday,6,5.8671999999999995
2008-08-11,2008,8,11,Monday,0,6.1986
2008-08-12,2008,8,12,Tuesday,1,4.8164
2008-08-13,2008,8,13,Wednesday,2,4.709733333333333
2008-08-14,2008,8,14,Thursday,3,4.5043
2008-08-15,2008,8,15,Friday,4,4.5609
2008-08-16,2008,8,16,Saturday,5,4.580233333333334
2008-08-17,2008,8,17,Sunday,6,4.579933333333333
2008-08-18,2008,8,18,Monday,0,4.562633333333333
2008-08-19,2008,8,19,Tuesday,1,4.5782
2008-08-20,2008,8,20,Wednesday,2,4.474533333333333
2008-08-21,2008,8,21,Thursday,3,4.354966666666667
2008-08-22,2008,8,22,Friday,4,4.452066666666667
2008-08-23,2008,8,23,Saturday,5,4.244033333333333
2008-08-24,2008,8,24,Sunday,6,4.245266666666667
2008-08-25,2008,8,25,Monday,0,4.171633333333333
2008-08-26,2008,8,26,Tuesday,1,4.2927333333333335
2008-08-27,2008,8,27,Wednesday,2,4.3019
2008-08-28,2008,8,28,Thursday,3,4.470766666666666
2008-08-29,2008,8,29,Friday,4,4.4598
2008-08-30,2008,8,30,Saturday,5,4.507066666666666
2008-08-31,2008,8,31,Sunday,6,25.010233333333336
2008-09-01,2008,9,1,Monday,0,20.791833333333333
2008-09-02,2008,9,2,Tuesday,1,23.069233333333333
2008-09-03,2008,9,3,Wednesday,2,23.141433333333335
2008-09-04,2008,9,4,Thursday,3,20.420333333333335
2008-09-05,2008,9,5,Friday,4,14.566
2008-09-06,2008,9,6,Saturday,5,31.1429
2008-09-07,2008,9,7,Sunday,6,22.877599999999997
2008-09-08,2008,9,8,Monday,0,21.822066666666668
2008-09-09,2008,9,9,Tuesday,1,19.327566666666666
2008-09-10,2008,9,10,Wednesday,2,21.679399999999998
2008-09-11,2008,9,11,Thursday,3,17.145233333333334
2008-09-12,2008,9,12,Friday,4,23.212699999999998
2008-09-13,2008,9,13,Saturday,5,27.1906
2008-09-14,2008,9,14,Sunday,6,26.272100000000002
2008-09-15,2008,9,15,Monday,0,28.295133333333336
2008-09-16,2008,9,16,Tuesday,1,20.36436666666667
2008-09-17,2008,9,17,Wednesday,2,25.32016666666667
2008-09-18,2008,9,18,Thursday,3,25.088166666666666
2008-09-19,2008,9,19,Friday,4,25.3141
2008-09-20,2008,9,20,Saturday,5,21.743333333333332
2008-09-21,2008,9,21,Sunday,6,25.551166666666667
2008-09-22,2008,9,22,Monday,0,22.642733333333336
2008-09-23,2008,9,23,Tuesday,1,20.546466666666667
2008-09-24,2008,9,24,Wednesday,2,28.639166666666664
2008-09-25,2008,9,25,Thursday,3,18.853666666666665
2008-09-26,2008,9,26,Friday,4,23.8575
2008-09-27,2008,9,27,Saturday,5,35.457433333333334
2008-09-28,2008,9,28,Sunday,6,28.851733333333335
2008-09-29,2008,9,29,Monday,0,25.02896666666667
2008-09-30,2008,9,30,Tuesday,1,22.916766666666668
2008-10-01,2008,10,1,Wednesday,2,31.20606666666667
2008-10-02,2008,10,2,Thursday,3,22.42236666666667
2008-10-03,2008,10,3,Friday,4,26.87633333333333
2008-10-04,2008,10,4,Saturday,5,35.00826666666667
2008-10-05,2008,10,5,Sunday,6,25.8325
2008-10-06,2008,10,6,Monday,0,23.729699999999998
2008-10-07,2008,10,7,Tuesday,1,28.776133333333334
2008-10-08,2008,10,8,Wednesday,2,31.0096
2008-10-09,2008,10,9,Thursday,3,33.061366666666665
2008-10-10,2008,10,10,Friday,4,25.305633333333333
2008-10-11,2008,10,11,Saturday,5,27.8231
2008-10-12,2008,10,12,Sunday,6,31.799
2008-10-13,2008,10,13,Monday,0,24.366266666666665
2008-10-14,2008,10,14,Tuesday,1,26.817600000000002
2008-10-15,2008,10,15,Wednesday,2,35.94826666666667
2008-10-16,2008,10,16,Thursday,3,26.39466666666667
2008-10-17,2008,10,17,Friday,4,31.114766666666664
2008-10-18,2008,10,18,Saturday,5,37.319833333333335
2008-10-19,2008,10,19,Sunday,6,32.865566666666666
2008-10-20,2008,10,20,Monday,0,27.79256666666667
2008-10-21,2008,10,21,Tuesday,1,34.395266666666664
2008-10-22,2008,10,22,Wednesday,2,27.4335
2008-10-23,2008,10,23,Thursday,3,30.508233333333333
2008-10-24,2008,10,24,Friday,4,35.55376666666667
2008-10-25,2008,10,25,Saturday,5,25.385933333333334
2008-10-26,2008,10,26,Sunday,6,8.724866666666665
2008-10-27,2008,10,27,Monday,0,8.731533333333335
2008-10-28,2008,10,28,Tuesday,1,22.1215
2008-10-29,2008,10,29,Wednesday,2,26.876266666666666
2008-10-30,2008,10,30,Thursday,3,18.31
2008-10-31,2008,10,31,Friday,4,21.430533333333337
2008-11-01,2008,11,1,Saturday,5,13.841633333333334
2008-11-02,2008,11,2,Sunday,6,15.1769
2008-11-03,2008,11,3,Monday,0,14.126666666666667
2008-11-04,2008,11,4,Tuesday,1,26.0386
2008-11-05,2008,11,5,Wednesday,2,52.24883333333333
2008-11-06,2008,11,6,Thursday,3,26.47396666666667
2008-11-07,2008,11,7,Friday,4,26.9864
2008-11-08,2008,11,8,Saturday,5,28.88563333333333
2008-11-09,2008,11,9,Sunday,6,42.975633333333334
2008-11-10,2008,11,10,Monday,0,34.86466666666667
2008-11-11,2008,11,11,Tuesday,1,40.9325
2008-11-12,2008,11,12,Wednesday,2,36.44156666666667
2008-11-13,2008,11,13,Thursday,3,20.641000000000002
2008-11-14,2008,11,14,Friday,4,27.02896666666667
2008-11-15,2008,11,15,Saturday,5,50.52713333333334
2008-11-16,2008,11,16,Sunday,6,39.42386666666666
2008-11-17,2008,11,17,Monday,0,25.393933333333333
2008-11-18,2008,11,18,Tuesday,1,29.15083333333333
2008-11-19,2008,11,19,Wednesday,2,30.670633333333335
2008-11-20,2008,11,20,Thursday,3,28.2056
2008-11-21,2008,11,21,Friday,4,27.898833333333336
2008-11-22,2008,11,22,Saturday,5,28.5228
2008-11-23,2008,11,23,Sunday,6,56.7554
2008-11-24,2008,11,24,Monday,0,53.54996666666667
2008-11-25,2008,11,25,Tuesday,1,45.0475
2008-11-26,2008,11,26,Wednesday,2,25.2659
2008-11-27,2008,11,27,Thursday,3,39.3703
2008-11-28,2008,11,28,Friday,4,31.43273333333333
2008-11-29,2008,11,29,Saturday,5,40.5778
2008-11-30,2008,11,30,Sunday,6,40.023133333333334
2008-12-01,2008,12,1,Monday,0,26.9423
2008-12-02,2008,12,2,Tuesday,1,29.890733333333333
2008-12-03,2008,12,3,Wednesday,2,29.25273333333333
2008-12-04,2008,12,4,Thursday,3,28.9773
2008-12-05,2008,12,5,Friday,4,34.3103
2008-12-06,2008,12,6,Saturday,5,42.06393333333333
2008-12-07,2008,12,7,Sunday,6,41.11233333333333
2008-12-08,2008,12,8,Monday,0,31.143933333333333
2008-12-09,2008,12,9,Tuesday,1,33.385733333333334
2008-12-10,2008,12,10,Wednesday,2,35.18366666666667
2008-12-11,2008,12,11,Thursday,3,23.875366666666665
2008-12-12,2008,12,12,Friday,4,30.258899999999997
2008-12-13,2008,12,13,Saturday,5,30.426233333333336
2008-12-14,2008,12,14,Sunday,6,33.36866666666666
2008-12-15,2008,12,15,Monday,0,29.924166666666668
2008-12-16,2008,12,16,Tuesday,1,29.9515
2008-12-17,2008,12,17,Wednesday,2,34.97976666666667
2008-12-18,2008,12,18,Thursday,3,28.949
2008-12-19,2008,12,19,Friday,4,31.368533333333335
2008-12-20,2008,12,20,Saturday,5,37.375033333333334
2008-12-21,2008,12,21,Sunday,6,44.06016666666667
2008-12-22,2008,12,22,Monday,0,33.5968
2008-12-23,2008,12,23,Tuesday,1,29.968133333333334
2008-12-24,2008,12,24,Wednesday,2,21.160633333333333
2008-12-25,2008,12,25,Thursday,3,17.685299999999998
2008-12-26,2008,12,26,Friday,4,20.395533333333333
2008-12-27,2008,12,27,Saturday,5,49.53606666666667
2008-12-28,2008,12,28,Sunday,6,26.177366666666668
2008-12-29,2008,12,29,Monday,0,9.254633333333334
2008-12-30,2008,12,30,Tuesday,1,19.920633333333335
2008-12-31,2008,12,31,Wednesday,2,32.736466666666665
2009-01-01,2009,1,1,Thursday,3,23.444866666666666
2009-01-02,2009,1,2,Friday,4,38.79183333333334
2009-01-03,2009,1,3,Saturday,5,31.8916
2009-01-04,2009,1,4,Sunday,6,32.33323333333333
2009-01-05,2009,1,5,Monday,0,26.733333333333334
2009-01-06,2009,1,6,Tuesday,1,28.16436666666667
2009-01-07,2009,1,7,Wednesday,2,34.6712
2009-01-08,2009,1,8,Thursday,3,27.221166666666665
2009-01-09,2009,1,9,Friday,4,29.8117
2009-01-10,2009,1,10,Saturday,5,35.04913333333333
2009-01-11,2009,1,11,Sunday,6,32.93313333333334
2009-01-12,2009,1,12,Monday,0,26.48796666666667
2009-01-13,2009,1,13,Tuesday,1,36.376666666666665
2009-01-14,2009,1,14,Wednesday,2,29.604699999999998
2009-01-15,2009,1,15,Thursday,3,26.0678
2009-01-16,2009,1,16,Friday,4,46.109233333333336
2009-01-17,2009,1,17,Saturday,5,55.297000000000004
2009-01-18,2009,1,18,Sunday,6,52.5699
2009-01-19,2009,1,19,Monday,0,28.3311
2009-01-20,2009,1,20,Tuesday,1,28.967133333333333
2009-01-21,2009,1,21,Wednesday,2,28.990566666666666
2009-01-22,2009,1,22,Thursday,3,20.6226
2009-01-23,2009,1,23,Friday,4,31.842266666666667
2009-01-24,2009,1,24,Saturday,5,36.6795
2009-01-25,2009,1,25,Sunday,6,47.394400000000005
2009-01-26,2009,1,26,Monday,0,27.907866666666667
2009-01-27,2009,1,27,Tuesday,1,23.7505
2009-01-28,2009,1,28,Wednesday,2,45.36223333333333
2009-01-29,2009,1,29,Thursday,3,26.2283
2009-01-30,2009,1,30,Friday,4,34.3173
2009-01-31,2009,1,31,Saturday,5,55.2142
2009-02-01,2009,2,1,Sunday,6,30.124333333333333
2009-02-02,2009,2,2,Monday,0,26.721666666666668
2009-02-03,2009,2,3,Tuesday,1,31.139833333333335
2009-02-04,2009,2,4,Wednesday,2,41.0154
2009-02-05,2009,2,5,Thursday,3,27.4848
2009-02-06,2009,2,6,Friday,4,34.13993333333334
2009-02-07,2009,2,7,Saturday,5,52.19226666666667
2009-02-08,2009,2,8,Sunday,6,36.381099999999996
2009-02-09,2009,2,9,Monday,0,28.443966666666665
2009-02-10,2009,2,10,Tuesday,1,32.39703333333333
2009-02-11,2009,2,11,Wednesday,2,43.98983333333333
2009-02-12,2009,2,12,Thursday,3,32.811
2009-02-13,2009,2,13,Friday,4,28.167033333333332
2009-02-14,2009,2,14,Saturday,5,38.87656666666667
2009-02-15,2009,2,15,Sunday,6,26.433866666666667
2009-02-16,2009,2,16,Monday,0,21.98323333333333
2009-02-17,2009,2,17,Tuesday,1,13.0283
2009-02-18,2009,2,18,Wednesday,2,13.774166666666668
2009-02-19,2009,2,19,Thursday,3,12.2878
2009-02-20,2009,2,20,Friday,4,31.3456
2009-02-21,2009,2,21,Saturday,5,21.9364
2009-02-22,2009,2,22,Sunday,6,37.307966666666665
2009-02-23,2009,2,23,Monday,0,45.56093333333333
2009-02-24,2009,2,24,Tuesday,1,29.719066666666667
2009-02-25,2009,2,25,Wednesday,2,19.497400000000003
2009-02-26,2009,2,26,Thursday,3,19.280866666666668
2009-02-27,2009,2,27,Friday,4,33.8153
2009-02-28,2009,2,28,Saturday,5,27.179166666666667
2009-03-01,2009,3,1,Sunday,6,41.127100000000006
2009-03-02,2009,3,2,Monday,0,24.624033333333333
2009-03-03,2009,3,3,Tuesday,1,30.81586666666667
2009-03-04,2009,3,4,Wednesday,2,30.702166666666667
2009-03-05,2009,3,5,Thursday,3,24.030199999999997
2009-03-06,2009,3,6,Friday,4,29.724566666666664
2009-03-07,2009,3,7,Saturday,5,28.27443333333333
2009-03-08,2009,3,8,Sunday,6,39.286100000000005
2009-03-09,2009,3,9,Monday,0,28.0926
2009-03-10,2009,3,10,Tuesday,1,30.6035
2009-03-11,2009,3,11,Wednesday,2,40.0984
2009-03-12,2009,3,12,Thursday,3,31.454333333333334
2009-03-13,2009,3,13,Friday,4,24.092
2009-03-14,2009,3,14,Saturday,5,35.81713333333333
2009-03-15,2009,3,15,Sunday,6,32.3677
2009-03-16,2009,3,16,Monday,0,22.245533333333334
2009-03-17,2009,3,17,Tuesday,1,32.1985
2009-03-18,2009,3,18,Wednesday,2,24.178
2009-03-19,2009,3,19,Thursday,3,19.858866666666664
2009-03-20,2009,3,20,Friday,4,24.398433333333333
2009-03-21,2009,3,21,Saturday,5,32.16703333333333
2009-03-22,2009,3,22,Sunday,6,28.152833333333334
2009-03-23,2009,3,23,Monday,0,21.6075
2009-03-24,2009,3,24,Tuesday,1,27.6952
2009-03-25,2009,3,25,Wednesday,2,30.646233333333335
2009-03-26,2009,3,26,Thursday,3,20.1834
2009-03-27,2009,3,27,Friday,4,28.56543333333333
2009-03-28,2009,3,28,Saturday,5,37.68293333333334
2009-03-29,2009,3,29,Sunday,6,36.94416666666667
2009-03-30,2009,3,30,Monday,0,24.6242
2009-03-31,2009,3,31,Tuesday,1,30.391366666666666
2009-04-01,2009,4,1,Wednesday,2,27.352333333333334
2009-04-02,2009,4,2,Thursday,3,27.40556666666667
2009-04-03,2009,4,3,Friday,4,22.721
2009-04-04,2009,4,4,Saturday,5,36.52053333333333
2009-04-05,2009,4,5,Sunday,6,22.9286
2009-04-06,2009,4,6,Monday,0,24.21056666666667
2009-04-07,2009,4,7,Tuesday,1,24.001533333333334
2009-04-08,2009,4,8,Wednesday,2,25.576666666666664
2009-04-09,2009,4,9,Thursday,3,31.507866666666665
2009-04-10,2009,4,10,Friday,4,30.701900000000002
2009-04-11,2009,4,11,Saturday,5,41.04076666666666
2009-04-12,2009,4,12,Sunday,6,35.68353333333334
2009-04-13,2009,4,13,Monday,0,26.643733333333333
2009-04-14,2009,4,14,Tuesday,1,25.025633333333335
2009-04-15,2009,4,15,Wednesday,2,20.267699999999998
2009-04-16,2009,4,16,Thursday,3,26.0754
2009-04-17,2009,4,17,Friday,4,34.04683333333333
2009-04-18,2009,4,18,Saturday,5,25.204433333333334
2009-04-19,2009,4,19,Sunday,6,21.441133333333333
2009-04-20,2009,4,20,Monday,0,24.775166666666667
2009-04-21,2009,4,21,Tuesday,1,31.576633333333334
2009-04-22,2009,4,22,Wednesday,2,24.936633333333337
2009-04-23,2009,4,23,Thursday,3,19.024333333333335
2009-04-24,2009,4,24,Friday,4,19.9008
2009-04-25,2009,4,25,Saturday,5,33.70473333333334
2009-04-26,2009,4,26,Sunday,6,29.693766666666665
2009-04-27,2009,4,27,Monday,0,22.52713333333333
2009-04-28,2009,4,28,Tuesday,1,28.439766666666667
2009-04-29,2009,4,29,Wednesday,2,27.744666666666667
2009-04-30,2009,4,30,Thursday,3,30.579366666666665
2009-05-01,2009,5,1,Friday,4,25.213366666666666
2009-05-02,2009,5,2,Saturday,5,23.231833333333334
2009-05-03,2009,5,3,Sunday,6,26.814633333333333
2009-05-04,2009,5,4,Monday,0,27.798033333333333
2009-05-05,2009,5,5,Tuesday,1,28.857899999999997
2009-05-06,2009,5,6,Wednesday,2,22.498366666666666
2009-05-07,2009,5,7,Thursday,3,16.877466666666667
2009-05-08,2009,5,8,Friday,4,30.9526
2009-05-09,2009,5,9,Saturday,5,21.022533333333335
2009-05-10,2009,5,10,Sunday,6,32.775866666666666
2009-05-11,2009,5,11,Monday,0,25.286266666666666
2009-05-12,2009,5,12,Tuesday,1,27.099266666666665
2009-05-13,2009,5,13,Wednesday,2,20.7733
2009-05-14,2009,5,14,Thursday,3,26.783066666666667
2009-05-15,2009,5,15,Friday,4,23.70376666666667
2009-05-16,2009,5,16,Saturday,5,33.4563
2009-05-17,2009,5,17,Sunday,6,25.7294
2009-05-18,2009,5,18,Monday,0,20.1651
2009-05-19,2009,5,19,Tuesday,1,26.955733333333335
2009-05-20,2009,5,20,Wednesday,2,21.786033333333332
2009-05-21,2009,5,21,Thursday,3,26.2525
2009-05-22,2009,5,22,Friday,4,17.913433333333334
2009-05-23,2009,5,23,Saturday,5,25.509966666666667
2009-05-24,2009,5,24,Sunday,6,21.4631
2009-05-25,2009,5,25,Monday,0,22.568266666666666
2009-05-26,2009,5,26,Tuesday,1,22.294566666666665
2009-05-27,2009,5,27,Wednesday,2,25.7382
2009-05-28,2009,5,28,Thursday,3,19.662266666666667
2009-05-29,2009,5,29,Friday,4,20.7141
2009-05-30,2009,5,30,Saturday,5,27.651766666666667
2009-05-31,2009,5,31,Sunday,6,15.948166666666667
2009-06-01,2009,6,1,Monday,0,24.054333333333332
2009-06-02,2009,6,2,Tuesday,1,18.1773
2009-06-03,2009,6,3,Wednesday,2,22.60963333333333
2009-06-04,2009,6,4,Thursday,3,17.261000000000003
2009-06-05,2009,6,5,Friday,4,20.505999999999997
2009-06-06,2009,6,6,Saturday,5,24.590833333333332
2009-06-07,2009,6,7,Sunday,6,20.1232
2009-06-08,2009,6,8,Monday,0,19.64626666666667
2009-06-09,2009,6,9,Tuesday,1,22.214166666666664
2009-06-10,2009,6,10,Wednesday,2,26.716600000000003
2009-06-11,2009,6,11,Thursday,3,21.677500000000002
2009-06-12,2009,6,12,Friday,4,18.362199999999998
2009-06-13,2009,6,13,Saturday,5,0.23696666666666666
2009-06-14,2009,6,14,Sunday,6,0.0
2009-06-15,2009,6,15,Monday,0,12.865133333333334
2009-06-16,2009,6,16,Tuesday,1,25.14653333333333
2009-06-17,2009,6,17,Wednesday,2,16.466933333333333
2009-06-18,2009,6,18,Thursday,3,19.428333333333335
2009-06-19,2009,6,19,Friday,4,18.114433333333334
2009-06-20,2009,6,20,Saturday,5,18.451666666666664
2009-06-21,2009,6,21,Sunday,6,14.252366666666667
2009-06-22,2009,6,22,Monday,0,18.234966666666665
2009-06-23,2009,6,23,Tuesday,1,17.32023333333333
2009-06-24,2009,6,24,Wednesday,2,25.581233333333333
2009-06-25,2009,6,25,Thursday,3,12.856033333333333
2009-06-26,2009,6,26,Friday,4,21.2887
2009-06-27,2009,6,27,Saturday,5,28.484199999999998
2009-06-28,2009,6,28,Sunday,6,17.656566666666667
2009-06-29,2009,6,29,Monday,0,16.83556666666667
2009-06-30,2009,6,30,Tuesday,1,19.8741
2009-07-01,2009,7,1,Wednesday,2,20.3057
2009-07-02,2009,7,2,Thursday,3,20.709633333333333
2009-07-03,2009,7,3,Friday,4,14.402466666666667
2009-07-04,2009,7,4,Saturday,5,20.6428
2009-07-05,2009,7,5,Sunday,6,23.51226666666667
2009-07-06,2009,7,6,Monday,0,15.904333333333334
2009-07-07,2009,7,7,Tuesday,1,18.502266666666667
2009-07-08,2009,7,8,Wednesday,2,20.573333333333334
2009-07-09,2009,7,9,Thursday,3,14.104199999999999
2009-07-10,2009,7,10,Friday,4,19.7853
2009-07-11,2009,7,11,Saturday,5,16.566133333333333
2009-07-12,2009,7,12,Sunday,6,8.557966666666665
2009-07-13,2009,7,13,Monday,0,8.2791
2009-07-14,2009,7,14,Tuesday,1,15.190499999999998
2009-07-15,2009,7,15,Wednesday,2,11.967899999999998
2009-07-16,2009,7,16,Thursday,3,9.992566666666667
2009-07-17,2009,7,17,Friday,4,12.1968
2009-07-18,2009,7,18,Saturday,5,16.106833333333334
2009-07-19,2009,7,19,Sunday,6,20.060733333333335
2009-07-20,2009,7,20,Monday,0,11.041433333333334
2009-07-21,2009,7,21,Tuesday,1,13.562700000000001
2009-07-22,2009,7,22,Wednesday,2,12.325533333333334
2009-07-23,2009,7,23,Thursday,3,17.166666666666668
2009-07-24,2009,7,24,Friday,4,9.362300000000001
2009-07-25,2009,7,25,Saturday,5,8.944799999999999
2009-07-26,2009,7,26,Sunday,6,9.050266666666666
2009-07-27,2009,7,27,Monday,0,11.4761
2009-07-28,2009,7,28,Tuesday,1,15.047500000000001
2009-07-29,2009,7,29,Wednesday,2,15.033333333333333
2009-07-30,2009,7,30,Thursday,3,13.205433333333334
2009-07-31,2009,7,31,Friday,4,16.263833333333334
2009-08-01,2009,8,1,Saturday,5,11.782766666666667
2009-08-02,2009,8,2,Sunday,6,8.162066666666666
2009-08-03,2009,8,3,Monday,0,8.3383
2009-08-04,2009,8,4,Tuesday,1,8.481533333333333
2009-08-05,2009,8,5,Wednesday,2,8.644200000000001
2009-08-06,2009,8,6,Thursday,3,8.877866666666668
2009-08-07,2009,8,7,Friday,4,8.988266666666668
2009-08-08,2009,8,8,Saturday,5,8.774533333333332
2009-08-09,2009,8,9,Sunday,6,16.637233333333334
2009-08-10,2009,8,10,Monday,0,17.822633333333332
2009-08-11,2009,8,11,Tuesday,1,15.849233333333332
2009-08-12,2009,8,12,Wednesday,2,13.7406
2009-08-13,2009,8,13,Thursday,3,10.114033333333333
2009-08-14,2009,8,14,Friday,4,12.477933333333334
2009-08-15,2009,8,15,Saturday,5,25.234366666666666
2009-08-16,2009,8,16,Sunday,6,20.2952
2009-08-17,2009,8,17,Monday,0,13.098466666666667
2009-08-18,2009,8,18,Tuesday,1,18.009966666666667
2009-08-19,2009,8,19,Wednesday,2,14.679033333333333
2009-08-20,2009,8,20,Thursday,3,12.9287
2009-08-21,2009,8,21,Friday,4,19.362433333333335
2009-08-22,2009,8,22,Saturday,5,25.8123
2009-08-23,2009,8,23,Sunday,6,17.778466666666667
2009-08-24,2009,8,24,Monday,0,20.8709
2009-08-25,2009,8,25,Tuesday,1,15.726833333333333
2009-08-26,2009,8,26,Wednesday,2,18.942433333333334
2009-08-27,2009,8,27,Thursday,3,12.4911
2009-08-28,2009,8,28,Friday,4,18.647366666666667
2009-08-29,2009,8,29,Saturday,5,23.140233333333335
2009-08-30,2009,8,30,Sunday,6,27.8057
2009-08-31,2009,8,31,Monday,0,21.092033333333333
2009-09-01,2009,9,1,Tuesday,1,16.342266666666667
2009-09-02,2009,9,2,Wednesday,2,20.380233333333333
2009-09-03,2009,9,3,Thursday,3,20.853133333333336
2009-09-04,2009,9,4,Friday,4,17.07313333333333
2009-09-05,2009,9,5,Saturday,5,25.2311
2009-09-06,2009,9,6,Sunday,6,20.47716666666667
2009-09-07,2009,9,7,Monday,0,20.357633333333336
2009-09-08,2009,9,8,Tuesday,1,18.104233333333333
2009-09-09,2009,9,9,Wednesday,2,25.355733333333333
2009-09-10,2009,9,10,Thursday,3,18.539233333333335
2009-09-11,2009,9,11,Friday,4,20.235766666666667
2009-09-12,2009,9,12,Saturday,5,34.40596666666667
2009-09-13,2009,9,13,Sunday,6,26.171699999999998
2009-09-14,2009,9,14,Monday,0,26.247633333333333
2009-09-15,2009,9,15,Tuesday,1,24.2801
2009-09-16,2009,9,16,Wednesday,2,29.0527
2009-09-17,2009,9,17,Thursday,3,20.39043333333333
2009-09-18,2009,9,18,Friday,4,22.900533333333332
2009-09-19,2009,9,19,Saturday,5,35.595166666666664
2009-09-20,2009,9,20,Sunday,6,33.922133333333335
2009-09-21,2009,9,21,Monday,0,23.63113333333333
2009-09-22,2009,9,22,Tuesday,1,20.7756
2009-09-23,2009,9,23,Wednesday,2,27.276833333333332
2009-09-24,2009,9,24,Thursday,3,23.770966666666666
2009-09-25,2009,9,25,Friday,4,19.350266666666666
2009-09-26,2009,9,26,Saturday,5,25.937566666666665
2009-09-27,2009,9,27,Sunday,6,23.507866666666665
2009-09-28,2009,9,28,Monday,0,21.6576
2009-09-29,2009,9,29,Tuesday,1,19.10663333333333
2009-09-30,2009,9,30,Wednesday,2,29.5456
2009-10-01,2009,10,1,Thursday,3,21.4542
2009-10-02,2009,10,2,Friday,4,19.211133333333333
2009-10-03,2009,10,3,Saturday,5,28.612333333333332
2009-10-04,2009,10,4,Sunday,6,27.018433333333334
2009-10-05,2009,10,5,Monday,0,21.258699999999997
2009-10-06,2009,10,6,Tuesday,1,23.807466666666667
2009-10-07,2009,10,7,Wednesday,2,30.3639
2009-10-08,2009,10,8,Thursday,3,26.286099999999998
2009-10-09,2009,10,9,Friday,4,22.531033333333333
2009-10-10,2009,10,10,Saturday,5,33.54593333333334
2009-10-11,2009,10,11,Sunday,6,32.30473333333334
2009-10-12,2009,10,12,Monday,0,22.526733333333333
2009-10-13,2009,10,13,Tuesday,1,24.151666666666664
2009-10-14,2009,10,14,Wednesday,2,28.5204
2009-10-15,2009,10,15,Thursday,3,24.832933333333333
2009-10-16,2009,10,16,Friday,4,25.281
2009-10-17,2009,10,17,Saturday,5,45.70133333333333
2009-10-18,2009,10,18,Sunday,6,25.936066666666665
2009-10-19,2009,10,19,Monday,0,22.818466666666666
2009-10-20,2009,10,20,Tuesday,1,28.713466666666665
2009-10-21,2009,10,21,Wednesday,2,32.8251
2009-10-22,2009,10,22,Thursday,3,23.328500000000002
2009-10-23,2009,10,23,Friday,4,29.290833333333335
2009-10-24,2009,10,24,Saturday,5,43.57346666666667
2009-10-25,2009,10,25,Sunday,6,40.10893333333333
2009-10-26,2009,10,26,Monday,0,18.539066666666667
2009-10-27,2009,10,27,Tuesday,1,18.6126
2009-10-28,2009,10,28,Wednesday,2,21.145133333333334
2009-10-29,2009,10,29,Thursday,3,33.024
2009-10-30,2009,10,30,Friday,4,24.8893
2009-10-31,2009,10,31,Saturday,5,31.2657
2009-11-01,2009,11,1,Sunday,6,30.719466666666666
2009-11-02,2009,11,2,Monday,0,25.07043333333333
2009-11-03,2009,11,3,Tuesday,1,37.77813333333334
2009-11-04,2009,11,4,Wednesday,2,30.029999999999998
2009-11-05,2009,11,5,Thursday,3,26.007766666666665
2009-11-06,2009,11,6,Friday,4,23.174166666666668
2009-11-07,2009,11,7,Saturday,5,25.95293333333333
2009-11-08,2009,11,8,Sunday,6,41.80003333333333
2009-11-09,2009,11,9,Monday,0,23.412533333333332
2009-11-10,2009,11,10,Tuesday,1,26.76973333333333
2009-11-11,2009,11,11,Wednesday,2,34.008
2009-11-12,2009,11,12,Thursday,3,24.384433333333334
2009-11-13,2009,11,13,Friday,4,25.548766666666666
2009-11-14,2009,11,14,Saturday,5,42.67426666666667
2009-11-15,2009,11,15,Sunday,6,32.788466666666665
2009-11-16,2009,11,16,Monday,0,25.241133333333334
2009-11-17,2009,11,17,Tuesday,1,28.471566666666668
2009-11-18,2009,11,18,Wednesday,2,43.98623333333333
2009-11-19,2009,11,19,Thursday,3,24.5808
2009-11-20,2009,11,20,Friday,4,32.6836
2009-11-21,2009,11,21,Saturday,5,41.61426666666667
2009-11-22,2009,11,22,Sunday,6,40.8496
2009-11-23,2009,11,23,Monday,0,24.518700000000003
2009-11-24,2009,11,24,Tuesday,1,35.48093333333334
2009-11-25,2009,11,25,Wednesday,2,33.00216666666667
2009-11-26,2009,11,26,Thursday,3,26.660433333333334
2009-11-27,2009,11,27,Friday,4,23.000433333333334
2009-11-28,2009,11,28,Saturday,5,30.9825
2009-11-29,2009,11,29,Sunday,6,27.516033333333333
2009-11-30,2009,11,30,Monday,0,29.0865
2009-12-01,2009,12,1,Tuesday,1,29.272966666666665
2009-12-02,2009,12,2,Wednesday,2,39.09446666666667
2009-12-03,2009,12,3,Thursday,3,24.66146666666667
2009-12-04,2009,12,4,Friday,4,28.52156666666667
2009-12-05,2009,12,5,Saturday,5,39.19603333333334
2009-12-06,2009,12,6,Sunday,6,39.638133333333336
2009-12-07,2009,12,7,Monday,0,29.043966666666666
2009-12-08,2009,12,8,Tuesday,1,33.44806666666667
2009-12-09,2009,12,9,Wednesday,2,30.039266666666666
2009-12-10,2009,12,10,Thursday,3,34.2381
2009-12-11,2009,12,11,Friday,4,29.741033333333334
2009-12-12,2009,12,12,Saturday,5,30.273000000000003
2009-12-13,2009,12,13,Sunday,6,35.646899999999995
2009-12-14,2009,12,14,Monday,0,29.91436666666667
2009-12-15,2009,12,15,Tuesday,1,32.33526666666667
2009-12-16,2009,12,16,Wednesday,2,23.2479
2009-12-17,2009,12,17,Thursday,3,28.6197
2009-12-18,2009,12,18,Friday,4,29.078433333333333
2009-12-19,2009,12,19,Saturday,5,36.738899999999994
2009-12-20,2009,12,20,Sunday,6,19.069433333333333
2009-12-21,2009,12,21,Monday,0,33.9161
2009-12-22,2009,12,22,Tuesday,1,31.467033333333333
2009-12-23,2009,12,23,Wednesday,2,24.253333333333334
2009-12-24,2009,12,24,Thursday,3,48.43156666666666
2009-12-25,2009,12,25,Friday,4,35.4608
2009-12-26,2009,12,26,Saturday,5,36.393633333333334
2009-12-27,2009,12,27,Sunday,6,36.59086666666666
2009-12-28,2009,12,28,Monday,0,34.90163333333333
2009-12-29,2009,12,29,Tuesday,1,34.1328
2009-12-30,2009,12,30,Wednesday,2,40.85183333333334
2009-12-31,2009,12,31,Thursday,3,36.864866666666664
2010-01-01,2010,1,1,Friday,4,20.4042
2010-01-02,2010,1,2,Saturday,5,21.813933333333335
2010-01-03,2010,1,3,Sunday,6,34.72423333333334
2010-01-04,2010,1,4,Monday,0,26.735533333333333
2010-01-05,2010,1,5,Tuesday,1,36.99633333333334
2010-01-06,2010,1,6,Wednesday,2,29.619666666666667
2010-01-07,2010,1,7,Thursday,3,29.4907
2010-01-08,2010,1,8,Friday,4,29.953466666666667
2010-01-09,2010,1,9,Saturday,5,38.94833333333334
2010-01-10,2010,1,10,Sunday,6,41.807766666666666
2010-01-11,2010,1,11,Monday,0,25.3114
2010-01-12,2010,1,12,Tuesday,1,21.375633333333333
2010-01-13,2010,1,13,Wednesday,2,0.0
2010-01-14,2010,1,14,Thursday,3,10.308133333333334
2010-01-15,2010,1,15,Friday,4,36.61266666666667
2010-01-16,2010,1,16,Saturday,5,35.8352
2010-01-17,2010,1,17,Sunday,6,31.775933333333334
2010-01-18,2010,1,18,Monday,0,31.351633333333332
2010-01-19,2010,1,19,Tuesday,1,40.55846666666666
2010-01-20,2010,1,20,Wednesday,2,39.19546666666667
2010-01-21,2010,1,21,Thursday,3,35.63093333333333
2010-01-22,2010,1,22,Friday,4,29.843766666666667
2010-01-23,2010,1,23,Saturday,5,43.475166666666674
2010-01-24,2010,1,24,Sunday,6,37.82366666666667
2010-01-25,2010,1,25,Monday,0,32.17516666666667
2010-01-26,2010,1,26,Tuesday,1,34.459399999999995
2010-01-27,2010,1,27,Wednesday,2,46.015033333333335
2010-01-28,2010,1,28,Thursday,3,35.170566666666666
2010-01-29,2010,1,29,Friday,4,34.88316666666666
2010-01-30,2010,1,30,Saturday,5,47.3788
2010-01-31,2010,1,31,Sunday,6,29.9866
2010-02-01,2010,2,1,Monday,0,28.229633333333332
2010-02-02,2010,2,2,Tuesday,1,35.95719999999999
2010-02-03,2010,2,3,Wednesday,2,48.38356666666667
2010-02-04,2010,2,4,Thursday,3,38.6045
2010-02-05,2010,2,5,Friday,4,34.98153333333333
2010-02-06,2010,2,6,Saturday,5,45.216433333333335
2010-02-07,2010,2,7,Sunday,6,27.095133333333333
2010-02-08,2010,2,8,Monday,0,43.037299999999995
2010-02-09,2010,2,9,Tuesday,1,40.348866666666666
2010-02-10,2010,2,10,Wednesday,2,32.40903333333333
2010-02-11,2010,2,11,Thursday,3,22.82946666666667
2010-02-12,2010,2,12,Friday,4,31.549966666666666
2010-02-13,2010,2,13,Saturday,5,39.1926
2010-02-14,2010,2,14,Sunday,6,28.111633333333334
2010-02-15,2010,2,15,Monday,0,34.9522
2010-02-16,2010,2,16,Tuesday,1,29.962600000000002
2010-02-17,2010,2,17,Wednesday,2,34.242666666666665
2010-02-18,2010,2,18,Thursday,3,29.3526
2010-02-19,2010,2,19,Friday,4,32.559533333333334
2010-02-20,2010,2,20,Saturday,5,33.062133333333335
2010-02-21,2010,2,21,Sunday,6,45.6719
2010-02-22,2010,2,22,Monday,0,24.56726666666667
2010-02-23,2010,2,23,Tuesday,1,24.354666666666667
2010-02-24,2010,2,24,Wednesday,2,31.904633333333333
2010-02-25,2010,2,25,Thursday,3,31.33673333333333
2010-02-26,2010,2,26,Friday,4,35.33593333333333
2010-02-27,2010,2,27,Saturday,5,29.4176
2010-02-28,2010,2,28,Sunday,6,11.8611
2010-03-01,2010,3,1,Monday,0,21.645466666666668
2010-03-02,2010,3,2,Tuesday,1,12.781766666666668
2010-03-03,2010,3,3,Wednesday,2,15.597233333333332
2010-03-04,2010,3,4,Thursday,3,11.381333333333334
2010-03-05,2010,3,5,Friday,4,18.895433333333337
2010-03-06,2010,3,6,Saturday,5,13.2452
2010-03-07,2010,3,7,Sunday,6,22.874533333333332
2010-03-08,2010,3,8,Monday,0,42.6183
2010-03-09,2010,3,9,Tuesday,1,29.3352
2010-03-10,2010,3,10,Wednesday,2,30.377200000000002
2010-03-11,2010,3,11,Thursday,3,32.518166666666666
2010-03-12,2010,3,12,Friday,4,27.423733333333335
2010-03-13,2010,3,13,Saturday,5,39.71683333333333
2010-03-14,2010,3,14,Sunday,6,26.1119
2010-03-15,2010,3,15,Monday,0,29.864166666666666
2010-03-16,2010,3,16,Tuesday,1,25.710833333333333
2010-03-17,2010,3,17,Wednesday,2,33.485499999999995
2010-03-18,2010,3,18,Thursday,3,26.0447
2010-03-19,2010,3,19,Friday,4,27.723066666666668
2010-03-20,2010,3,20,Saturday,5,2.195533333333333
2010-03-21,2010,3,21,Sunday,6,15.288033333333335
2010-03-22,2010,3,22,Monday,0,26.976499999999998
2010-03-23,2010,3,23,Tuesday,1,30.369366666666668
2010-03-24,2010,3,24,Wednesday,2,33.245866666666664
2010-03-25,2010,3,25,Thursday,3,27.998066666666666
2010-03-26,2010,3,26,Friday,4,27.521400000000003
2010-03-27,2010,3,27,Saturday,5,30.799500000000002
2010-03-28,2010,3,28,Sunday,6,29.970233333333333
2010-03-29,2010,3,29,Monday,0,27.045633333333335
2010-03-30,2010,3,30,Tuesday,1,31.77423333333333
2010-03-31,2010,3,31,Wednesday,2,32.06336666666667
2010-04-01,2010,4,1,Thursday,3,28.124000000000002
2010-04-02,2010,4,2,Friday,4,27.477033333333335
2010-04-03,2010,4,3,Saturday,5,30.087966666666667
2010-04-04,2010,4,4,Sunday,6,28.173133333333332
2010-04-05,2010,4,5,Monday,0,18.647
2010-04-06,2010,4,6,Tuesday,1,30.430866666666667
2010-04-07,2010,4,7,Wednesday,2,26.616366666666668
2010-04-08,2010,4,8,Thursday,3,27.487000000000002
2010-04-09,2010,4,9,Friday,4,20.555833333333332
2010-04-10,2010,4,10,Saturday,5,19.8368
2010-04-11,2010,4,11,Sunday,6,26.7135
2010-04-12,2010,4,12,Monday,0,23.990433333333332
2010-04-13,2010,4,13,Tuesday,1,25.21173333333333
2010-04-14,2010,4,14,Wednesday,2,27.672733333333333
2010-04-15,2010,4,15,Thursday,3,31.20296666666667
2010-04-16,2010,4,16,Friday,4,26.034366666666664
2010-04-17,2010,4,17,Saturday,5,25.961866666666666
2010-04-18,2010,4,18,Sunday,6,24.601766666666666
2010-04-19,2010,4,19,Monday,0,28.476566666666667
2010-04-20,2010,4,20,Tuesday,1,30.560466666666667
2010-04-21,2010,4,21,Wednesday,2,26.3319
2010-04-22,2010,4,22,Thursday,3,24.3484
2010-04-23,2010,4,23,Friday,4,19.6756
2010-04-24,2010,4,24,Saturday,5,25.306966666666664
2010-04-25,2010,4,25,Sunday,6,25.712366666666664
2010-04-26,2010,4,26,Monday,0,18.045266666666667
2010-04-27,2010,4,27,Tuesday,1,20.849
2010-04-28,2010,4,28,Wednesday,2,14.4643
2010-04-29,2010,4,29,Thursday,3,18.3954
2010-04-30,2010,4,30,Friday,4,18.6438
2010-05-01,2010,5,1,Saturday,5,22.002633333333332
2010-05-02,2010,5,2,Sunday,6,36.46516666666666
2010-05-03,2010,5,3,Monday,0,23.5217
2010-05-04,2010,5,4,Tuesday,1,25.282666666666668
2010-05-05,2010,5,5,Wednesday,2,30.088466666666665
2010-05-06,2010,5,6,Thursday,3,21.654166666666665
2010-05-07,2010,5,7,Friday,4,27.400066666666664
2010-05-08,2010,5,8,Saturday,5,25.557033333333333
2010-05-09,2010,5,9,Sunday,6,26.1085
2010-05-10,2010,5,10,Monday,0,24.46486666666667
2010-05-11,2010,5,11,Tuesday,1,26.189466666666664
2010-05-12,2010,5,12,Wednesday,2,33.923633333333335
2010-05-13,2010,5,13,Thursday,3,25.874933333333335
2010-05-14,2010,5,14,Friday,4,28.70243333333333
2010-05-15,2010,5,15,Saturday,5,32.412866666666666
2010-05-16,2010,5,16,Sunday,6,35.0071
2010-05-17,2010,5,17,Monday,0,27.136366666666667
2010-05-18,2010,5,18,Tuesday,1,23.6864
2010-05-19,2010,5,19,Wednesday,2,23.7792
2010-05-20,2010,5,20,Thursday,3,19.23163333333333
2010-05-21,2010,5,21,Friday,4,21.573266666666665
2010-05-22,2010,5,22,Saturday,5,34.92953333333333
2010-05-23,2010,5,23,Sunday,6,24.7926
2010-05-24,2010,5,24,Monday,0,22.355533333333334
2010-05-25,2010,5,25,Tuesday,1,19.9771
2010-05-26,2010,5,26,Wednesday,2,23.1314
2010-05-27,2010,5,27,Thursday,3,22.0557
2010-05-28,2010,5,28,Friday,4,23.302733333333332
2010-05-29,2010,5,29,Saturday,5,34.163466666666665
2010-05-30,2010,5,30,Sunday,6,27.761666666666667
2010-05-31,2010,5,31,Monday,0,22.341033333333332
2010-06-01,2010,6,1,Tuesday,1,21.1494
2010-06-02,2010,6,2,Wednesday,2,16.348300000000002
2010-06-03,2010,6,3,Thursday,3,23.23643333333333
2010-06-04,2010,6,4,Friday,4,23.675900000000002
2010-06-05,2010,6,5,Saturday,5,33.49406666666667
2010-06-06,2010,6,6,Sunday,6,29.1132
2010-06-07,2010,6,7,Monday,0,16.868033333333333
2010-06-08,2010,6,8,Tuesday,1,22.700566666666667
2010-06-09,2010,6,9,Wednesday,2,25.578033333333334
2010-06-10,2010,6,10,Thursday,3,20.25316666666667
2010-06-11,2010,6,11,Friday,4,24.5112
2010-06-12,2010,6,12,Saturday,5,32.885133333333336
2010-06-13,2010,6,13,Sunday,6,27.905933333333333
2010-06-14,2010,6,14,Monday,0,20.299733333333332
2010-06-15,2010,6,15,Tuesday,1,20.39943333333333
2010-06-16,2010,6,16,Wednesday,2,29.468200000000003
2010-06-17,2010,6,17,Thursday,3,17.133633333333332
2010-06-18,2010,6,18,Friday,4,22.205266666666667
2010-06-19,2010,6,19,Saturday,5,23.603666666666665
2010-06-20,2010,6,20,Sunday,6,27.875833333333333
2010-06-21,2010,6,21,Monday,0,27.681500000000003
2010-06-22,2010,6,22,Tuesday,1,25.343133333333334
2010-06-23,2010,6,23,Wednesday,2,24.0344
2010-06-24,2010,6,24,Thursday,3,18.262999999999998
2010-06-25,2010,6,25,Friday,4,18.323966666666667
2010-06-26,2010,6,26,Saturday,5,16.360333333333333
2010-06-27,2010,6,27,Sunday,6,18.999399999999998
2010-06-28,2010,6,28,Monday,0,24.522333333333332
2010-06-29,2010,6,29,Tuesday,1,22.78826666666667
2010-06-30,2010,6,30,Wednesday,2,23.068933333333334
2010-07-01,2010,7,1,Thursday,3,22.483366666666665
2010-07-02,2010,7,2,Friday,4,19.01546666666667
2010-07-03,2010,7,3,Saturday,5,18.6679
2010-07-04,2010,7,4,Sunday,6,25.6348
2010-07-05,2010,7,5,Monday,0,18.5665
2010-07-06,2010,7,6,Tuesday,1,16.765566666666665
2010-07-07,2010,7,7,Wednesday,2,13.913133333333333
2010-07-08,2010,7,8,Thursday,3,20.210866666666668
2010-07-09,2010,7,9,Friday,4,18.05796666666667
2010-07-10,2010,7,10,Saturday,5,19.241733333333332
2010-07-11,2010,7,11,Sunday,6,19.89286666666667
2010-07-12,2010,7,12,Monday,0,18.492900000000002
2010-07-13,2010,7,13,Tuesday,1,23.035233333333334
2010-07-14,2010,7,14,Wednesday,2,23.4912
2010-07-15,2010,7,15,Thursday,3,27.219366666666666
2010-07-16,2010,7,16,Friday,4,13.6676
2010-07-17,2010,7,17,Saturday,5,13.4392
2010-07-18,2010,7,18,Sunday,6,13.533966666666666
2010-07-19,2010,7,19,Monday,0,13.352633333333333
2010-07-20,2010,7,20,Tuesday,1,14.263733333333333
2010-07-21,2010,7,21,Wednesday,2,17.7361
2010-07-22,2010,7,22,Thursday,3,19.407433333333334
2010-07-23,2010,7,23,Friday,4,19.602633333333333
2010-07-24,2010,7,24,Saturday,5,15.361133333333333
2010-07-25,2010,7,25,Sunday,6,18.84016666666667
2010-07-26,2010,7,26,Monday,0,14.735833333333334
2010-07-27,2010,7,27,Tuesday,1,15.872666666666667
2010-07-28,2010,7,28,Wednesday,2,14.377566666666667
2010-07-29,2010,7,29,Thursday,3,9.151733333333334
2010-07-30,2010,7,30,Friday,4,9.187666666666667
2010-07-31,2010,7,31,Saturday,5,9.243599999999999
2010-08-01,2010,8,1,Sunday,6,9.261066666666666
2010-08-02,2010,8,2,Monday,0,9.158033333333332
2010-08-03,2010,8,3,Tuesday,1,10.253533333333333
2010-08-04,2010,8,4,Wednesday,2,9.055933333333334
2010-08-05,2010,8,5,Thursday,3,8.891266666666667
2010-08-06,2010,8,6,Friday,4,8.745766666666666
2010-08-07,2010,8,7,Saturday,5,8.791266666666667
2010-08-08,2010,8,8,Sunday,6,8.807666666666668
2010-08-09,2010,8,9,Monday,0,8.917733333333333
2010-08-10,2010,8,10,Tuesday,1,9.0793
2010-08-11,2010,8,11,Wednesday,2,9.033366666666666
2010-08-12,2010,8,12,Thursday,3,8.8283
2010-08-13,2010,8,13,Friday,4,8.9049
2010-08-14,2010,8,14,Saturday,5,9.237833333333333
2010-08-15,2010,8,15,Sunday,6,17.599766666666667
2010-08-16,2010,8,16,Monday,0,18.828833333333332
2010-08-17,2010,8,17,Tuesday,1,16.303366666666665
2010-08-18,2010,8,18,Wednesday,2,0.0
2010-08-19,2010,8,19,Thursday,3,0.0
2010-08-20,2010,8,20,Friday,4,0.0
2010-08-21,2010,8,21,Saturday,5,0.0
2010-08-22,2010,8,22,Sunday,6,1.5556333333333332
2010-08-23,2010,8,23,Monday,0,12.760966666666667
2010-08-24,2010,8,24,Tuesday,1,12.049133333333334
2010-08-25,2010,8,25,Wednesday,2,16.340133333333334
2010-08-26,2010,8,26,Thursday,3,12.620866666666666
2010-08-27,2010,8,27,Friday,4,33.844166666666666
2010-08-28,2010,8,28,Saturday,5,24.0476
2010-08-29,2010,8,29,Sunday,6,27.808
2010-08-30,2010,8,30,Monday,0,24.913366666666665
2010-08-31,2010,8,31,Tuesday,1,22.751766666666665
2010-09-01,2010,9,1,Wednesday,2,26.5553
2010-09-02,2010,9,2,Thursday,3,23.208199999999998
2010-09-03,2010,9,3,Friday,4,22.44023333333333
2010-09-04,2010,9,4,Saturday,5,29.064
2010-09-05,2010,9,5,Sunday,6,22.0503
2010-09-06,2010,9,6,Monday,0,23.7146
2010-09-07,2010,9,7,Tuesday,1,24.197566666666667
2010-09-08,2010,9,8,Wednesday,2,21.7302
2010-09-09,2010,9,9,Thursday,3,20.645233333333334
2010-09-10,2010,9,10,Friday,4,22.135133333333332
2010-09-11,2010,9,11,Saturday,5,24.3885
2010-09-12,2010,9,12,Sunday,6,26.8682
2010-09-13,2010,9,13,Monday,0,17.938666666666666
2010-09-14,2010,9,14,Tuesday,1,23.844633333333334
2010-09-15,2010,9,15,Wednesday,2,16.434900000000003
2010-09-16,2010,9,16,Thursday,3,22.328966666666666
2010-09-17,2010,9,17,Friday,4,24.96013333333333
2010-09-18,2010,9,18,Saturday,5,20.7991
2010-09-19,2010,9,19,Sunday,6,15.326666666666666
2010-09-20,2010,9,20,Monday,0,28.0472
2010-09-21,2010,9,21,Tuesday,1,18.522933333333334
2010-09-22,2010,9,22,Wednesday,2,25.173233333333332
2010-09-23,2010,9,23,Thursday,3,24.16436666666667
2010-09-24,2010,9,24,Friday,4,22.1332
2010-09-25,2010,9,25,Saturday,5,1.7667666666666666
2010-09-26,2010,9,26,Sunday,6,0.0
2010-09-27,2010,9,27,Monday,0,0.0
2010-09-28,2010,9,28,Tuesday,1,7.840433333333333
2010-09-29,2010,9,29,Wednesday,2,28.073766666666664
2010-09-30,2010,9,30,Thursday,3,20.804633333333335
2010-10-01,2010,10,1,Friday,4,25.080333333333332
2010-10-02,2010,10,2,Saturday,5,32.05423333333333
2010-10-03,2010,10,3,Sunday,6,30.5114
2010-10-04,2010,10,4,Monday,0,29.599333333333334
2010-10-05,2010,10,5,Tuesday,1,30.9104
2010-10-06,2010,10,6,Wednesday,2,21.924266666666664
2010-10-07,2010,10,7,Thursday,3,30.1659
2010-10-08,2010,10,8,Friday,4,25.174266666666664
2010-10-09,2010,10,9,Saturday,5,26.863
2010-10-10,2010,10,10,Sunday,6,33.31506666666667
2010-10-11,2010,10,11,Monday,0,27.043166666666664
2010-10-12,2010,10,12,Tuesday,1,26.3282
2010-10-13,2010,10,13,Wednesday,2,34.564766666666664
2010-10-14,2010,10,14,Thursday,3,35.585366666666665
2010-10-15,2010,10,15,Friday,4,26.6054
2010-10-16,2010,10,16,Saturday,5,16.666900000000002
2010-10-17,2010,10,17,Sunday,6,17.456366666666668
2010-10-18,2010,10,18,Monday,0,45.2314
2010-10-19,2010,10,19,Tuesday,1,32.09963333333334
2010-10-20,2010,10,20,Wednesday,2,28.7994
2010-10-21,2010,10,21,Thursday,3,22.586633333333335
2010-10-22,2010,10,22,Friday,4,27.814866666666667
2010-10-23,2010,10,23,Saturday,5,38.2206
2010-10-24,2010,10,24,Sunday,6,39.84246666666666
2010-10-25,2010,10,25,Monday,0,19.388199999999998
2010-10-26,2010,10,26,Tuesday,1,15.765066666666666
2010-10-27,2010,10,27,Wednesday,2,21.004633333333334
2010-10-28,2010,10,28,Thursday,3,24.388766666666665
2010-10-29,2010,10,29,Friday,4,20.0737
2010-10-30,2010,10,30,Saturday,5,35.87833333333333
2010-10-31,2010,10,31,Sunday,6,24.607166666666668
2010-11-01,2010,11,1,Monday,0,23.053
2010-11-02,2010,11,2,Tuesday,1,19.851366666666667
2010-11-03,2010,11,3,Wednesday,2,21.554966666666665
2010-11-04,2010,11,4,Thursday,3,42.58576666666667
2010-11-05,2010,11,5,Friday,4,28.9348
2010-11-06,2010,11,6,Saturday,5,30.09013333333333
2010-11-07,2010,11,7,Sunday,6,27.896933333333333
2010-11-08,2010,11,8,Monday,0,30.425666666666665
2010-11-09,2010,11,9,Tuesday,1,33.701633333333334
2010-11-10,2010,11,10,Wednesday,2,32.442233333333334
2010-11-11,2010,11,11,Thursday,3,29.559866666666668
2010-11-12,2010,11,12,Friday,4,30.613699999999998
2010-11-13,2010,11,13,Saturday,5,33.719566666666665
2010-11-14,2010,11,14,Sunday,6,33.9732
2010-11-15,2010,11,15,Monday,0,29.123033333333336
2010-11-16,2010,11,16,Tuesday,1,25.162466666666667
2010-11-17,2010,11,17,Wednesday,2,26.3672
2010-11-18,2010,11,18,Thursday,3,27.535866666666667
2010-11-19,2010,11,19,Friday,4,26.173333333333336
2010-11-20,2010,11,20,Saturday,5,36.61676666666666
2010-11-21,2010,11,21,Sunday,6,15.015166666666666
2010-11-22,2010,11,22,Monday,0,34.025600000000004
2010-11-23,2010,11,23,Tuesday,1,26.292266666666666
2010-11-24,2010,11,24,Wednesday,2,29.93746666666667
2010-11-25,2010,11,25,Thursday,3,23.852733333333333
2010-11-26,2010,11,26,Friday,4,24.801733333333335
